Weather type,Average Crashes
Rain,465.3225806451613
Snow,468.92857142857144
Fog,500.14259597806216
Clear,480.80096852300244
